id,nume,gen,colorway,pret,imagine
1,Converse Chuck Taylor All-Star Pokemon Poke Ball,men,White/Black,70,https://images.stockx.com/images/Converse-Chuck-Taylor-All-Star-Pokemon-Poke-Ball-Product.jpg?fit=fill&bg=FFFFFF&w=700&h=500&fm=webp&auto=compress&trim=color&q=90&dpr=2&updated_at=1650653647
2,Jordan 1 High OG Denim (W),women,White/Worn Blue-Metallic Gold,170,https://images.stockx.com/images/Air-Jordan-1-High-OG-Denim-W.jpg?fit=fill&bg=FFFFFF&w=700&h=500&fm=webp&auto=compress&trim=color&q=90&dpr=2&updated_at=1649445189
3,adidas Busenitz Vintage Focus Orange,men,Focus Orange/Cloud White/Gum,85,https://images.stockx.com/images/adidas-Busenitz-Vintage-Focus-Orange-Product.jpg?fit=fill&bg=FFFFFF&w=700&h=500&fm=webp&auto=compress&trim=color&q=90&dpr=2&updated_at=1652209460
4,Jordan 2 Retro Maison Chateau Rouge,men,Sail/Orange,200,https://images.stockx.com/images/Air-Jordan-2-Retro-Maison-Chateau-Rouge.jpg?fit=fill&bg=FFFFFF&w=700&h=500&fm=webp&auto=compress&trim=color&q=90&dpr=2&updated_at=1651194956
5,Jordan 1 Mid SE Zen Master,men,Black/Bleached Coral-White,125,https://images.stockx.com/images/Air-Jordan-1-Mid-SE-Zen-Master.jpg?fit=fill&bg=FFFFFF&w=700&h=500&fm=webp&auto=compress&trim=color&q=90&dpr=2&updated_at=1650326663
6,Jordan 1 Low Limelight (W),women,Summit White/Limelight,120,https://images.stockx.com/images/Air-Jordan-1-Low-Limelight-W-Product.jpg?fit=fill&bg=FFFFFF&w=700&h=500&fm=webp&auto=compress&trim=color&q=90&dpr=2&updated_at=1622046613
7,Jordan 6 Retro Red Oreo,men,White/University Red-Black,200,https://images.stockx.com/images/Air-Jordan-6-Retro-Red-Oreo.jpg?fit=fill&bg=FFFFFF&w=700&h=500&fm=webp&auto=compress&trim=color&q=90&dpr=2&updated_at=1651243410
8,Nike Air Max 1 Travis Scott Cactus Jack Baroque Brown,men,Baroque Brown/Lemon Drop-Wheat-Chile Red,160,https://images.stockx.com/images/Nike-Air-Max-1-Travis-Scott-Baroque-Brown-Product.jpg?fit=fill&bg=FFFFFF&w=700&h=500&fm=webp&auto=compress&trim=color&q=90&dpr=2&updated_at=1645116120
9,Nike Air Max 1 Travis Scott Cactus Jack Saturn Gold,men,Wheat/Lemon Drop-Baroque Brown-Chile Red,160,https://images.stockx.com/images/Nike-Air-Max-1-Travis-Scott-Wheat-Product.jpg?fit=fill&bg=FFFFFF&w=700&h=500&fm=webp&auto=compress&trim=color&q=90&dpr=2&updated_at=1648066078
10,Nike Air Griffey Max 1 Aqua,men,Aquamarine/White/Black/Black,170,https://images.stockx.com/images/Nike-Air-Griffey-Max-1-Aqua.jpg?fit=fill&bg=FFFFFF&w=700&h=500&fm=webp&auto=compress&trim=color&q=90&dpr=2&updated_at=1644866885
11,New Balance 550 White Vibrant Orange,men,White/Vibrant Orange/Purple,120,https://images.stockx.com/images/New-Balance-550-White-Vibrant-Orange.jpg?fit=fill&bg=FFFFFF&w=700&h=500&fm=webp&auto=compress&trim=color&q=90&dpr=2&updated_at=1648692921
12,Nike Air VaporMax 2021 FK Black Anthracite,men,Black/Black-Anthracite-Black,200,https://images.stockx.com/images/Nike-Air-VaporMax-2021-FK-Black-Anthracite-Product.jpg?fit=fill&bg=FFFFFF&w=700&h=500&fm=webp&auto=compress&trim=color&q=90&dpr=2&updated_at=1629383692
13,Jordan 11 CMFT Low Concord,men,White/Black/Ice,125,https://images.stockx.com/images/Air-Jordan-11-CMFT-Low-Concord.jpg?fit=fill&bg=FFFFFF&w=700&h=500&fm=webp&auto=compress&trim=color&q=90&dpr=2&updated_at=1652142753
14,Nike SB Dunk Low Blue Raspberry,men,Racer Blue/Laser Blue-University Blue-White,110,https://images.stockx.com/images/Nike-SB-Dunk-Low-Blue-Raspberry.jpg?fit=fill&bg=FFFFFF&w=700&h=500&fm=webp&auto=compress&trim=color&q=90&dpr=2&updated_at=1649445194
15,Jordan 1 Zoom CMFT Metallic Silver,men,Metallic Silver/Silver,140,https://images.stockx.com/images/Air-Jordan-1-Zoom-CMFT-Metallic-Silver.jpg?fit=fill&bg=FFFFFF&w=700&h=500&fm=webp&auto=compress&trim=color&q=90&dpr=2&updated_at=1652142756
16,New Balance 327 Castlerock Navy,men,Castlerock/NB Navy,110,https://images.stockx.com/images/New-Balance-327-Castlerock-Navy.jpg?fit=fill&bg=FFFFFF&w=700&h=500&fm=webp&auto=compress&trim=color&q=90&dpr=2&updated_at=1641930419
17,adidas Yeezy Slide Glow Green (2022) (Restock),men,Glow Green/Glow Green/Glow Green,60,https://images.stockx.com/images/adidas-Yeezy-Slide-Glow-Green-2022.jpg?fit=fill&bg=FFFFFF&w=700&h=500&fm=webp&auto=compress&trim=color&q=90&dpr=2&updated_at=1651870280
18,Jordan 5 Retro Easter (2022),men,Regal Pink/Ghost-Copa,210,https://images.stockx.com/images/Air-Jordan-5-Retro-Regal-Pink.jpg?fit=fill&bg=FFFFFF&w=700&h=500&fm=webp&auto=compress&trim=color&q=90&dpr=2&updated_at=1652212446
19,Crocs Pollex Clog by Salehe Bembury Stratus,men,Stratus,85,https://images.stockx.com/images/Crocs-Pollex-Clog-by-Salehe-Bembury-Stratus-Friends-and-Family.jpg?fit=fill&bg=FFFFFF&w=700&h=500&fm=webp&auto=compress&trim=color&q=90&dpr=2&updated_at=1651107202
20,Crocs Pollex Clog by Salehe Bembury Crocodile,men,Crocodile,85,https://images.stockx.com/images/Crocs-Pollex-Clog-by-Salehe-Bembury-Crocodile.jpg?fit=fill&bg=FFFFFF&w=700&h=500&fm=webp&auto=compress&trim=color&q=90&dpr=2&updated_at=1651107201
21,Crocs Pollex Clog by Salehe Bembury Urchin,men,Urchin,85,https://images.stockx.com/images/Crocs-Pollex-Clog-by-Salehe-Bembury-Urchin.jpg?fit=fill&bg=FFFFFF&w=700&h=500&fm=webp&auto=compress&trim=color&q=90&dpr=2&updated_at=1651107202
22,Jordan Series .01 Dear Rui,men,Black/Gym Red-Sesame,70,https://images.stockx.com/images/Air-Jordan-Seriese-01-Dear-Rui.jpg?fit=fill&bg=FFFFFF&w=700&h=500&fm=webp&auto=compress&trim=color&q=90&dpr=2&updated_at=1651111540
23,Jordan 8 Retro SE Rui Hachimura,men,Twine/Gym Red-Black-Sesame,225,https://images.stockx.com/images/Air-Jordan-8-Retro-Rui-Hachimura.jpg?fit=fill&bg=FFFFFF&w=700&h=500&fm=webp&auto=compress&trim=color&q=90&dpr=2&updated_at=1636488018
24,Jordan 36 Rui Hachimura,men,Twine/Gym Red-Black-Sesame,180,https://images.stockx.com/images/Air-Jordan-36-Rui-Hachimura.jpg?fit=fill&bg=FFFFFF&w=700&h=500&fm=webp&auto=compress&trim=color&q=90&dpr=2&updated_at=1651111535
25,Jordan 4 Retro Military Black,men,White/Black-Neutral Grey,210,https://images.stockx.com/images/Air-Jordan-4-Retro-Military-Black.jpg?fit=fill&bg=FFFFFF&w=700&h=500&fm=webp&auto=compress&trim=color&q=90&dpr=2&updated_at=1649445190
26,Nike Air Max 90 SE Sun Club Sail Arctic Orange (W),women,Sail/Arctic Orange-Phantom-White Onyx,230,https://images.stockx.com/images/Nike-Air-Max-90-SE-Sun-Club-Sail-Arctic-Orange-W.jpg?fit=fill&bg=FFFFFF&w=700&h=500&fm=webp&auto=compress&trim=color&q=90&dpr=2&updated_at=1651514474
27,New Balance 2002R Grey Brown Pouch,men,Grey/Grey/Brown,130,https://images.stockx.com/images/New-Balance-2002R-Grey-Brown-Pouch.jpg?fit=fill&bg=FFFFFF&w=700&h=500&fm=webp&auto=compress&trim=color&q=90&dpr=2&updated_at=1650670109
28,Nike Air Force 1 Mid QS Jewel NYC White Midnight Navy,men,White/White-Midnight Navy-Gum Yellow,140,https://images.stockx.com/images/Nike-Air-Force-1-Mid-Jewel-NYC-White-Product.jpg?fit=fill&bg=FFFFFF&w=700&h=500&fm=webp&auto=compress&trim=color&q=90&dpr=2&updated_at=1651599948
29,Nike KD 14 Ron English 3 Light Cult Crypto Club,men,Siren Red/Green Abyss,160,https://images.stockx.com/images/Nike-KD-14-Ron-English-Light-Cult-Crypto-Club-Product.jpg?fit=fill&bg=FFFFFF&w=700&h=500&fm=webp&auto=compress&trim=color&q=90&dpr=2&updated_at=1646935748
30,Nike Air Trainer 1 Chlorophyll (2022),men,White/Black/Medium Grey,120,https://images.stockx.com/images/Nike-Air-Trainer-1-Chlorophyll-2022-Product.jpg?fit=fill&bg=FFFFFF&w=700&h=500&fm=webp&auto=compress&trim=color&q=90&dpr=2&updated_at=1649082287
31,Jordan 12 Retro Low Golf Laser Game Royal,men,White/Game Royal/Black,220,https://images.stockx.com/images/Air-Jordan-12-Retro-Low-Golf-Laser-Game-Royal.jpg?fit=fill&bg=FFFFFF&w=700&h=500&fm=webp&auto=compress&trim=color&q=90&dpr=2&updated_at=1652210662
32,Nike Dunk Low Next Nature Sun Club Arctic Orange,men,Arctic Orange/Sanded Gold-Vivid Green,110,https://images.stockx.com/images/Nike-Dunk-Low-Sun-Club.jpg?fit=fill&bg=FFFFFF&w=700&h=500&fm=webp&auto=compress&trim=color&q=90&dpr=2&updated_at=1651621677
33,Nike Air Huarache ACG Mowabb (2022),men,Rattan/Hyper Royal-Bright Mandarin-Black,120,https://images.stockx.com/images/Nike-Air-Huarache-ACG-Mowabb-2022.jpg?fit=fill&bg=FFFFFF&w=700&h=500&fm=webp&auto=compress&trim=color&q=90&dpr=2&updated_at=1649637915
34,Nike Retro GTS 97 Summit White Flat Pewter,men,Summit White/Flat Pewter-Grey,80,https://images.stockx.com/images/Nike-Retro-GTS-97-Summit-White-Flat-Pewter.jpg?fit=fill&bg=FFFFFF&w=700&h=500&fm=webp&auto=compress&trim=color&q=90&dpr=2&updated_at=1652210664
35,Nike LeBron 9 Low LeBronald Palmer (2022),men,White Lime/Bright Mango-New Green,200,https://images.stockx.com/images/Nike-LeBron-9-LeBronald-Palmer-2022-Product.jpg?fit=fill&bg=FFFFFF&w=700&h=500&fm=webp&auto=compress&trim=color&q=90&dpr=2&updated_at=1648661780
36,Nike Offline Pack Ocean Cube Sanddrift,men,Ocean Cube/Sanddrift/Black/Dark Marina Blue,120,https://images.stockx.com/images/Nike-Offline-Pack-Ocean-Cube-Sanddrift.jpg?fit=fill&bg=FFFFFF&w=700&h=500&fm=webp&auto=compress&trim=color&q=90&dpr=2&updated_at=1652210663
37,Jordan Zion 1 Naruto Nine Tails,men,Black/Alpha Orange-Chile Red,130,https://images.stockx.com/images/Air-Jordan-Zion-1-Naruto-Nine-Tails.jpg?fit=fill&bg=FFFFFF&w=700&h=500&fm=webp&auto=compress&trim=color&q=90&dpr=2&updated_at=1651111541
38,Jordan Zion 1 Naruto Sage of the Six Paths,men,White/University Red-Black,130,https://images.stockx.com/images/Air-Jordan-Zion-1-Naruto-Sage-of-the-Six-Paths.jpg?fit=fill&bg=FFFFFF&w=700&h=500&fm=webp&auto=compress&trim=color&q=90&dpr=2&updated_at=1651111535
39,Nike Air Force 1 High '07 Premium Thunder Blue Pink Prime,men,Thunder Blue/Mystic Navy/Light Iron Ore,135,https://images.stockx.com/images/Nike-Air-Force-1-High-07-Thunder-Blue-Pink-Prime.jpg?fit=fill&bg=FFFFFF&w=700&h=500&fm=webp&auto=compress&trim=color&q=90&dpr=2&updated_at=1651773302
40,adidas Terrex Agravic Flow 2 Pulse Lime Turbo,men,Pulse Lime/Turbo/Cloud White,130,https://images.stockx.com/images/adidas-Terrex-Agravic-Flow-2-Pulse-Lime-Turbo.jpg?fit=fill&bg=FFFFFF&w=700&h=500&fm=webp&auto=compress&trim=color&q=90&dpr=2&updated_at=1651604446
41,Jordan 1 Retro High OG Stage Haze,men,White/Black-Grey Fog-Bleached Coral,170,https://images.stockx.com/images/Air-Jordan-1-Retro-High-OG-Stage-Haze.jpg?fit=fill&bg=FFFFFF&w=700&h=500&fm=webp&auto=compress&trim=color&q=90&dpr=2&updated_at=1641324076
42,Jordan 5 Retro Low CLOT Jade,men,Black/Classic Jade-Fire Red-Metallic Silver,200,https://images.stockx.com/images/Air-Jordan-5-Retro-Low-CLOT-Jade.jpg?fit=fill&bg=FFFFFF&w=700&h=500&fm=webp&auto=compress&trim=color&q=90&dpr=2&updated_at=1652210662
43,adidas Yeezy 500 Granite,men,Granite/Granite/Granite,210,https://images.stockx.com/images/adidas-Yeezy-500-Granite.jpg?fit=fill&bg=FFFFFF&w=700&h=500&fm=webp&auto=compress&trim=color&q=90&dpr=2&updated_at=1652111116
44,Jordan 3 Retro Neapolitan Dark Mocha (W),women,White/Dark Mocha-Atmosphere-Sail,200,https://images.stockx.com/images/Air-Jordan-3-Retro-Atmosphere-Mocha-W.jpg?fit=fill&bg=FFFFFF&w=700&h=500&fm=webp&auto=compress&trim=color&q=90&dpr=2&updated_at=1650395003
45,Jordan 11 Retro Low 72-10,men,Black/Gym Red/White/Sail,190,https://images.stockx.com/images/Air-Jordan-11-Retro-Low-72-10-Product.jpg?fit=fill&bg=FFFFFF&w=700&h=500&fm=webp&auto=compress&trim=color&q=90&dpr=2&updated_at=1651856525
46,adidas Adimatic Jamal Smith,men,Core Black/Orange,100,https://images.stockx.com/images/adidas-Adimatic-Jamal-Smith.jpg?fit=fill&bg=FFFFFF&w=700&h=500&fm=webp&auto=compress&trim=color&q=90&dpr=2&updated_at=1652085878
47,Jordan 2 Retro A Ma Mani√©re Airness,men,Sail/Black-Burgundy Crush,225,https://image-cdn.hypb.st/https%3A%2F%2Fhypebeast.com%2Fimage%2F2022%2F05%2Fa-ma-maniere-air-jordan-2-airness-DO7216-100-release-date-0.jpg?w=960&cbr=1&q=90&fit=max
48,adidas ZX 9000 Pulse Yellow,men,Pulse Yellow/Ash Silver/Acid Mint,130,https://images.stockx.com/images/adidas-ZX-9000-Pulse-Yellow.jpg?fit=fill&bg=FFFFFF&w=700&h=500&fm=webp&auto=compress&trim=color&q=90&dpr=2&updated_at=1651792134
49,Nike ACG Air Mada Low Triple Black,men,Black/Black/Black,130,https://images.stockx.com/images/Nike-ACG-Air-Mada-Triple-Black-Product.jpg?fit=fill&bg=FFFFFF&w=700&h=500&fm=webp&auto=compress&trim=color&q=90&dpr=2&updated_at=1648131709
50,Nike Offline 2.0 Summit White,men,Summit White/Summit White/Team Orange,130,https://images.stockx.com/images/Nike-Offline-20-Summit-White.jpg?fit=fill&bg=FFFFFF&w=700&h=500&fm=webp&auto=compress&trim=color&q=90&dpr=2&updated_at=1644975337
51,Nike Air Force 1 Mid Stussy Grey Black,men,Grey/Black/White,170,https://images.stockx.com/images/Nike-Air-Force-1-Mid-Stussy-Grey-Black.jpg?fit=fill&bg=FFFFFF&w=700&h=500&fm=webp&auto=compress&trim=color&q=90&dpr=2&updated_at=1640213452
52,Nike ACG Air Mada Low Ash Green,men,Black/Ash Green/Black,130,https://images.stockx.com/images/Nike-ACG-Air-Mada-Low-Dark-Teal.jpg?fit=fill&bg=FFFFFF&w=700&h=500&fm=webp&auto=compress&trim=color&q=90&dpr=2&updated_at=1643392255
53,Nike Air Force 1 Mid Stussy Black White,men,Black/Black/White,190,https://images.stockx.com/images/Nike-Air-Force-1-Mid-Stussy-Black-White.jpg?fit=fill&bg=FFFFFF&w=700&h=500&fm=webp&auto=compress&trim=color&q=90&dpr=2&updated_at=1652212827
54,adidas ZX 8000 Bright Yellow Red,men,Bright Yellow/Core Black/Red,110,https://images.stockx.com/images/adidas-ZX-8000-Bright-Yellow-Red.jpg?fit=fill&bg=FFFFFF&w=700&h=500&fm=webp&auto=compress&trim=color&q=90&dpr=2&updated_at=1651792134
55,Nike Air Max 90 Premium Gym Red Smoke Grey Gum,men,Gym Red/Habanero Red/Smoke Grey/Pale Ivory,150,https://images.stockx.com/images/Nike-Air-Max-90-Premium-Gym-Red-Smoke-Grey-Gum.jpg?fit=fill&bg=FFFFFF&w=700&h=500&fm=webp&auto=compress&trim=color&q=90&dpr=2&updated_at=1652126505
56,New Balance KAWHI 2 Ocean Blue Orange,men,Blue/Dynomite,160,https://images.stockx.com/images/New-Balance-KAWHI-2-Ocean-Blue-Orange.jpg?fit=fill&bg=FFFFFF&w=700&h=500&fm=webp&auto=compress&trim=color&q=90&dpr=2&updated_at=1652210663
57,Nike ACG Air Mada Low Vachetta Tan Night Blue,men,Vachetta Tan/Black/Night Blue,130,https://images.stockx.com/images/Nike-ACG-Air-Mada-Vachetta-Tan-Night-Blue-Product.jpg?fit=fill&bg=FFFFFF&w=700&h=500&fm=webp&auto=compress&trim=color&q=90&dpr=2&updated_at=1648820846
58,Nike Air Force 1 Mid Stussy Fossil,men,Fossil/Sail,190,https://images.stockx.com/images/Nike-Air-Force-1-Mid-Stussy-Fossil.jpg?fit=fill&bg=FFFFFF&w=700&h=500&fm=webp&auto=compress&trim=color&q=90&dpr=2&updated_at=1652212650
59,Nike Air Max 95 Topographic,men,Off Noir/University Red-Rattan-Limestone,180,https://images.stockx.com/images/Nike-Air-Max-95-Topographic.jpg?fit=fill&bg=FFFFFF&w=700&h=500&fm=webp&auto=compress&trim=color&q=90&dpr=2&updated_at=1652255800
60,Nike Waffle One Summit White,men,Summit White/White-Black-Orange,100,https://images.stockx.com/images/Nike-Waffle-One-Summit-White-Product.jpg?fit=fill&bg=FFFFFF&w=700&h=500&fm=webp&auto=compress&trim=color&q=90&dpr=2&updated_at=1628000811
61,New Balance 990v3 JJJJound Brown Black,men,Brown/Black,250,https://images.stockx.com/images/New-Balance-990v3-JJJJound-Brown-Black.jpg?fit=fill&bg=FFFFFF&w=700&h=500&fm=webp&auto=compress&trim=color&q=90&dpr=2&updated_at=1652075194
62,New Balance 550 White Grey Dark Grey,men,White/Grey/Dark Grey,100,https://images.stockx.com/images/New-Balance-550-White-Grey-Dark-Grey.jpg?fit=fill&bg=FFFFFF&w=700&h=500&fm=webp&auto=compress&trim=color&q=90&dpr=2&updated_at=1648239099
63,Jordan 4 Retro Infrared,men,Dark Grey/Infrared 23-Black-Cement Grey,200,https://images.stockx.com/images/Air-Jordan-4-Retro-Infrared-Product.jpg?fit=fill&bg=FFFFFF&w=700&h=500&fm=webp&auto=compress&trim=color&q=90&dpr=2&updated_at=1645637225
64,Nike Air Max BW OG Marina,men,Marina/White/Black/Grey Jade,130,https://images.stockx.com/images/Nike-Air-Max-BW-OG-Marina-Product.jpg?fit=fill&bg=FFFFFF&w=700&h=500&fm=webp&auto=compress&trim=color&q=90&dpr=2&updated_at=1648740901
65,Nike Dunk Low Team Red (2022),men,Team Red/Team Red-White,100,https://images.stockx.com/images/Nike-Dunk-Low-Team-Red-Product.jpg?fit=fill&bg=FFFFFF&w=700&h=500&fm=webp&auto=compress&trim=color&q=90&dpr=2&updated_at=1648821059
66,Nike Dunk Low Next Nature White Gym Red (W),women,White/Gym Red/White,105,https://images.stockx.com/images/Nike-Dunk-Low-Next-Nature-White-Gym-Red-W-Product.jpg?fit=fill&bg=FFFFFF&w=700&h=500&fm=webp&auto=compress&trim=color&q=90&dpr=2&updated_at=1644492744
67,Nike Air Max 90 NRG Ridgerock Turbo Green,men,Ridgerock/Turbo Green/Saturn Gold/Black,140,https://images.stockx.com/images/Nike-Air-Max-90-NRG-Ridgerock-Turbo-Green-Product.jpg?fit=fill&bg=FFFFFF&w=700&h=500&fm=webp&auto=compress&trim=color&q=90&dpr=2&updated_at=1638981381
68,Converse Aeon Active CX A-COLD-WALL Black Apple Green,unisex,Black/Black/Apple Green,160,https://images.stockx.com/images/Converse-Aeon-Active-CX-A-COLD-WALL-Black-Apple-Green.jpg?fit=fill&bg=FFFFFF&w=700&h=500&fm=webp&auto=compress&trim=color&q=90&dpr=2&updated_at=1649184171
69,Nike Air Max 90 NRG Court Purple Lemon Drop,men,Court Purple/Lemon Drop/Wolf Grey/Black,140,https://images.stockx.com/images/Nike-Air-Max-90-NRG-Court-Purple-Lemon-Drop-Product.jpg?fit=fill&bg=FFFFFF&w=700&h=500&fm=webp&auto=compress&trim=color&q=90&dpr=2&updated_at=1645802268
70,adidas Gamemode Knit FG Kris Andrew Small Pride Collection,unisex,Core Black/Cloud White/Clear Sky,100,https://images.stockx.com/images/adidas-Gamemode-Knit-FG-Kris-Andrew-Small-Pride-Collection.jpg?fit=fill&bg=FFFFFF&w=700&h=500&fm=webp&auto=compress&trim=color&q=90&dpr=2&updated_at=1651604445
71,Jordan Zion 1 SP Naruto Kyuubi,men,Electric Yellow/Black/Chile Red/Alpha Orange,130,https://images.stockx.com/images/Air-Jordan-Zion-1-Naruto-Kyuubi.jpg?fit=fill&bg=FFFFFF&w=700&h=500&fm=webp&auto=compress&trim=color&q=90&dpr=2&updated_at=1651111540
72,adidas Forum Low M&M's Yellow White,men,EQT Yellow/EQT Yellow/Cloud White,150,https://images.stockx.com/images/adidas-Forum-Low-M-Ms-Yellow-White.jpg?fit=fill&bg=FFFFFF&w=700&h=500&fm=webp&auto=compress&trim=color&q=90&dpr=2&updated_at=1646278084
73,adidas Forum Low M&M's Green,men,Green/Cloud White/EQT Yellow,150,https://images.stockx.com/images/adidas-Forum-Low-M-Ms-Green.jpg?fit=fill&bg=FFFFFF&w=700&h=500&fm=webp&auto=compress&trim=color&q=90&dpr=2&updated_at=1646278082
74,adidas Forum Low M&M's White Brown,men,Cloud White/Cardboard/Dark Brown,150,https://images.stockx.com/images/adidas-Forum-Low-M-Ms-White-Brown.jpg?fit=fill&bg=FFFFFF&w=700&h=500&fm=webp&auto=compress&trim=color&q=90&dpr=2&updated_at=1646278085
75,Jordan 6 Retro Midnight Navy (2022),men,White/Midnight Navy,190,https://images.stockx.com/images/Air-Jordan-6-Retro-Midnight-Navy-2022-Product.jpg?fit=fill&bg=FFFFFF&w=700&h=500&fm=webp&auto=compress&trim=color&q=90&dpr=2&updated_at=1651610342
76,adidas Forum Low M&M's Orange,men,Orange/Cloud White/EQT Yellow,150,https://images.stockx.com/images/adidas-Forum-Low-M-Ms-Orange.jpg?fit=fill&bg=FFFFFF&w=700&h=500&fm=webp&auto=compress&trim=color&q=90&dpr=2&updated_at=1646278083
77,Jordan 1 Acclimate Plum Fog (W),women,Plum Fog/Amethyst Wave/Amethyst Ash/White,150,https://images.stockx.com/images/Air-Jordan-1-Acclimate-Plum-Fog-Amethyst-Wave-Amethyst-Ash-White-W-Product.jpg?fit=fill&bg=FFFFFF&w=700&h=500&fm=webp&auto=compress&trim=color&q=90&dpr=2&updated_at=1651518854
78,Jordan 1 High Zoom Air CMFT Anthracite,men,Anthracite/University Gold/Washed Teal/Rush Pink,140,https://images.stockx.com/images/Air-Jordan-1-High-Zoom-Air-CMFT-Red-Aqua-Gold-Product.jpg?fit=fill&bg=FFFFFF&w=700&h=500&fm=webp&auto=compress&trim=color&q=90&dpr=2&updated_at=1647010333
79,Lebron 19 Siren Red Laser Blue,men,Siren Red/Laser Blue/Psychic Purple/Siren Red,200,https://images.stockx.com/images/Lebron-19-Siren-Red-Laser-Blue.jpg?fit=fill&bg=FFFFFF&w=700&h=500&fm=webp&auto=compress&trim=color&q=90&dpr=2&updated_at=1652126502
80,adidas Campus 80s Kris Andrew Small Pride Collection,unisex,Off White/Core Black/Off White,100,https://images.stockx.com/images/adidas-Campus-80s-Kris-Andrew-Small-Pride-Collection.jpg?fit=fill&bg=FFFFFF&w=700&h=500&fm=webp&auto=compress&trim=color&q=90&dpr=2&updated_at=1651604441
81,adidas NMD V3 Onix,men,Onix/Onix/Ice Mint,160,https://images.stockx.com/images/adidas-NMD-V3-Onix.jpg?fit=fill&bg=FFFFFF&w=700&h=500&fm=webp&auto=compress&trim=color&q=90&dpr=2&updated_at=1651604441
82,New Balance 550 Sea Salt Burgundy,men,Sea Salt/Burgundy,100,https://images.stockx.com/images/New-Balance-550-Sea-Salt-Burgundy-Product.jpg?fit=fill&bg=FFFFFF&w=700&h=500&fm=webp&auto=compress&trim=color&q=90&dpr=2&updated_at=1621453389
83,adidas Harden Vol. 6 White Vivid Red,unisex,Cloud White/Vivid Red/Legend Ink,140,https://images.stockx.com/images/adidas-Harden-Vol-6-White-Vivid-Red.jpg?fit=fill&bg=FFFFFF&w=700&h=500&fm=webp&auto=compress&trim=color&q=90&dpr=2&updated_at=1651604445
84,Nike Air Max 1 SH Treeline,men,Treeline/Light Bordeax,150,https://images.stockx.com/images/Nike-Air-Max-1-SH-Skunk-Product.jpg?fit=fill&bg=FFFFFF&w=700&h=500&fm=webp&auto=compress&trim=color&q=90&dpr=2&updated_at=1648503819
85,Jordan 9 Retro Chile Red,men,Chile Red/Black,200,https://images.stockx.com/images/air-jordan-9-retro-chile-red-3.jpg?fit=fill&bg=FFFFFF&w=700&h=500&fm=webp&auto=compress&trim=color&q=90&dpr=2&updated_at=1635915044
86,adidas Yeezy 450 Sulfur,men,Sulfur/Sulfur/Sulfur,200,https://images.stockx.com/images/adidas-Yeezy-450-Sulfur-Product.jpg?fit=fill&bg=FFFFFF&w=700&h=500&fm=webp&auto=compress&trim=color&q=90&dpr=2&updated_at=1651599570
87,Crocs Classic Slide SZA,men,Wood Grain/Light Brown,40,https://images.stockx.com/images/Crocs-Classic-Slide-SZA.jpg?fit=fill&bg=FFFFFF&w=700&h=500&fm=webp&auto=compress&trim=color&q=90&dpr=2&updated_at=1651536392
88,Reebok Answer IV Only the Strong Survive,men,Footwear White/Mgh Solid Grey/Pure Grey 5,150,https://images.stockx.com/images/Reebok-Answer-IV-Only-the-Strong-Survive.jpg?fit=fill&bg=FFFFFF&w=700&h=500&fm=webp&auto=compress&trim=color&q=90&dpr=2&updated_at=1650914338
89,adidas Crazy 97 EQT Kobe Bryant 1997 Slam Dunk Contest (2022),men,Rgpunb/Runninwhite/Golsld,230,https://images.stockx.com/images/adidas-Crazy-97-EQT-2022-Kobe-Bryant-1997-Slam-Dunk-Contest.jpg?fit=fill&bg=FFFFFF&w=700&h=500&fm=webp&auto=compress&trim=color&q=90&dpr=2&updated_at=1652075194
90,ASICS GT-II Up There,men,Grey/Pink/Cream,280,https://images.stockx.com/images/ASICS-GT-II-Up-There.jpg?fit=fill&bg=FFFFFF&w=700&h=500&fm=webp&auto=compress&trim=color&q=90&dpr=2&updated_at=1651761323
91,Crocs Classic Clog SZA,men,Wood Grain/Light Brown,70,https://images.stockx.com/images/Crocs-Classic-Clog-SZA.jpg?fit=fill&bg=FFFFFF&w=700&h=500&fm=webp&auto=compress&trim=color&q=90&dpr=2&updated_at=1651536388
92,Nike Air Zoom Flight 95 OG Black Metallic Silver (2022),men,Black/White-Metallic Silver,160,https://images.stockx.com/images/Nike-Air-Zoom-Flight-95-Black-Metallic-Silver-2022-Product.jpg?fit=fill&bg=FFFFFF&w=700&h=500&fm=webp&auto=compress&trim=color&q=90&dpr=2&updated_at=1651696369
93,Reebok Question Mid Tyrell Winston,men,Footwear White/Footwear White/Silver Metallic,160,https://images.stockx.com/images/Reebok-Question-Mid-Tyrell-Winston.jpg?fit=fill&bg=FFFFFF&w=700&h=500&fm=webp&auto=compress&trim=color&q=90&dpr=2&updated_at=1644525409
94,Nike Dunk Low Championship Court Purple,men,White/Court Purple,100,https://images.stockx.com/images/Nike-Dunk-Low-Court-Purple-Product.jpg?fit=fill&bg=FFFFFF&w=700&h=500&fm=webp&auto=compress&trim=color&q=90&dpr=2&updated_at=1648131848
95,Converse Aeon Active CX A-Cold-Wall Micro Chip,men,Grey/Green/Faded Orange,160,https://images.stockx.com/images/Converse-Aeon-Active-CX-A-Cold-Wall-Micro-Chip.jpg?fit=fill&bg=FFFFFF&w=700&h=500&fm=webp&auto=compress&trim=color&q=90&dpr=2&updated_at=1649294045
96,Nike Dunk Low Safari Mix (W),women,White/Washed Teal/Electro Purple,120,https://images.stockx.com/images/Nike-Dunk-Low-Safari-Mix-W-Product.jpg?fit=fill&bg=FFFFFF&w=700&h=500&fm=webp&auto=compress&trim=color&q=90&dpr=2&updated_at=1650480982
97,Nike Air Zoom Flight 95 SP Supreme Black,men,Black/White,178,https://images.stockx.com/images/Nike-Air-Zoom-Flight-95-SP-Supreme-Black-Product.jpg?fit=fill&bg=FFFFFF&w=700&h=500&fm=webp&auto=compress&trim=color&q=90&dpr=2&updated_at=1652210084
98,Nike Air Zoom Flight 95 SP Supreme University Blue,men,University Blue/White,178,https://images.stockx.com/images/Nike-Air-Zoom-Flight-95-SP-Supreme-University-Blue.jpg?fit=fill&bg=FFFFFF&w=700&h=500&fm=webp&auto=compress&trim=color&q=90&dpr=2&updated_at=1651763800
99,Converse Aeon Active CX A-Cold-Wall Healing Jade,men,Black/Ice/Volt,160,https://images.stockx.com/images/Converse-Aeon-Active-CX-A-Cold-Wall-Healing-Jade.jpg?fit=fill&bg=FFFFFF&w=700&h=500&fm=webp&auto=compress&trim=color&q=90&dpr=2&updated_at=1649294046
100,adidas NMD V3 Dash Grey (W),women,Dash Grey/Dash Grey/Core Black,160,https://images.stockx.com/images/adidas-NMD-V3-Dash-Grey-W.jpg?fit=fill&bg=FFFFFF&w=700&h=500&fm=webp&auto=compress&trim=color&q=90&dpr=2&updated_at=1651604441